,Return,Volatility,BND,VTI
128,0.033991569312526074,0.053650675393513904,0.9630882536244845,0.036911746375515496
613,0.03380377028196351,0.053651682890167626,0.9649265208202343,0.0350734791797657
236,0.033696297917185536,0.053653547802006964,0.965978511994146,0.03402148800585397
582,0.03367354684410101,0.053654062863056524,0.9662012104351023,0.03379878956489763
930,0.03348035053163251,0.053660130039996444,0.968092308820897,0.03190769117910292
408,0.03344919236918134,0.05366139223696501,0.968397299894292,0.03160270010570794
56,0.03327922295793412,0.05366966455664766,0.970061042204573,0.029938957795427015
293,0.03324700658597881,0.053671496726450836,0.9703763915413299,0.029623608458670004
540,0.03320262984409973,0.05367415830389131,0.9708107724250129,0.02918922757498707
551,0.033148912225462915,0.05367759377671428,0.971336586301038,0.028663413698961956
740,0.03305451778350172,0.0536841974632254,0.9722605644791925,0.027739435520807484
955,0.03502658221960332,0.053696488792941414,0.9529570497063478,0.04704295029365226
282,0.03277672013946384,0.05370782063152079,0.9749797813705774,0.02502021862942266
157,0.03515361137194901,0.053708096029229914,0.9517136272937747,0.048286372706225246
311,0.032732842980923035,0.05371212327381292,0.9754092720923699,0.024590727907630047
900,0.03528626274627309,0.05372161106786925,0.9504151718695873,0.0495848281304126
812,0.035311481664363986,0.05372434150867433,0.9501683169752894,0.04983168302471065
700,0.03258285249178002,0.053728007823507076,0.9768774511082048,0.023122548891795262
392,0.03541692584857655,0.05373631489730992,0.949136178607802,0.05086382139219802
57,0.03250086166675847,0.053737459973375375,0.9776800167207007,0.022319983279299318
709,0.0324940931472144,0.05373826454650379,0.9777462702439716,0.02225372975602835
653,0.035435206272777325,0.05373848208180207,0.9489572410273895,0.051042758972610486
905,0.03248115642749041,0.05373981263222555,0.9778729010759731,0.02212709892402681
70,0.03556461651160786,0.0537545959498751,0.9476905113955927,0.052309488604407324
148,0.03570599810667833,0.05377374581537814,0.9463066003736759,0.0536933996263241
133,0.032199678948646934,0.0537768417365221,0.9806281379595201,0.019371862040479935
369,0.032023661971610586,0.05380324457290778,0.9823510767511192,0.017648923248880767
349,0.0359879592364811,0.05381674820179699,0.9435466292820236,0.05645337071797635
520,0.03633597308626423,0.053878641489697315,0.9401401024122814,0.0598598975877186
989,0.03156470069570237,0.05388381110231982,0.9868436103658785,0.013156389634121447
445,0.031543755671276465,0.0538878912507038,0.9870486303343043,0.012951369665695637
104,0.036419828160726114,0.05389500794546889,0.9393192886300235,0.06068071136997658
446,0.031474921678943155,0.053901547866807904,0.987722410543285,0.012277589456714963
847,0.03662997824996093,0.05393849748421406,0.937262238526692,0.06273776147330795
281,0.031044240647493993,0.05399559570458475,0.9919381235295186,0.008061876470481392
927,0.03081990460957446,0.05405044140902338,0.9941340325184874,0.005865967481512624
183,0.030773805462584316,0.05406220715731427,0.9945852731314456,0.005414726868554342
698,0.030691791645832887,0.05408355615501284,0.995388063798047,0.004611936201953036
141,0.030690624387603237,0.05408386385343375,0.9953994894827596,0.004600510517240469
64,0.03727665455618751,0.054094421181628556,0.9309322599509563,0.06906774004904367
528,0.030650395799427847,0.05409453441292913,0.995793266243761,0.004206733756238994
755,0.030640373291306738,0.054097212816938064,0.9958913713715829,0.004108628628417101
42,0.030635550943223774,0.054098504371107595,0.9959385748329684,0.004061425167031555
203,0.03731609640083695,0.05410500620101607,0.9305461842138147,0.06945381578618527
316,0.03738985334122554,0.054125130832363366,0.9298242158225559,0.07017578417744408
805,0.03770990148622009,0.054217433593896615,0.9266914307158295,0.0733085692841705
272,0.03775432948913364,0.05423088475234883,0.9262565480644974,0.0737434519355026
200,0.03807995894569821,0.0543342028148237,0.9230691303969015,0.07693086960309845
912,0.038125885913570794,0.054349442979682826,0.9226195751559213,0.07738042484407874
656,0.038467841041382934,0.05446808617489211,0.9192723539695687,0.0807276460304313
851,0.038493769005893144,0.05447745287923782,0.9190185585880436,0.08098144141195646
25,0.038637048790014936,0.05453015340841076,0.9176160671791357,0.08238393282086429
262,0.03867177969945738,0.05454316721604974,0.9172761043405878,0.0827238956594122
618,0.03879585938718153,0.05459042130147187,0.9160615527056889,0.08393844729431106
671,0.038938445848291876,0.05464618864984866,0.9146658478757331,0.08533415212426691
315,0.0389459480580098,0.05464916616326607,0.9145924126403179,0.08540758735968207
173,0.03904228772574145,0.054687785984978234,0.9136493936571527,0.08635060634284729
845,0.03904316487640791,0.05468814088086273,0.9136408076847382,0.08635919231526176
503,0.03915516724237898,0.054733941375714835,0.912544474681345,0.08745552531865503
52,0.03955193797002835,0.054903892601033844,0.9086606920511219,0.09133930794887807
974,0.039641212065389266,0.05494377975766679,0.9077868342871036,0.09221316571289637
727,0.039830051336360146,0.055030135703321506,0.9059383847181405,0.09406161528185954
815,0.0400666308869907,0.05514210827490783,0.903622630340673,0.09637736965932686
102,0.04029860880906309,0.05525596763657856,0.9013519189157715,0.09864808108422848
424,0.040347765691814044,0.05528060924872939,0.9008707477151764,0.09912925228482367
432,0.04044951839731342,0.055332185997380746,0.8998747433160162,0.10012525668398373
443,0.040635234590196016,0.05542829680812616,0.8980568639368047,0.10194313606319526
158,0.040711384730580676,0.05546844056564975,0.8973114697534507,0.10268853024654932
238,0.040803879326964845,0.05551777354884133,0.8964060881771572,0.10359391182284286
675,0.041278384828452454,0.055780677307255534,0.891761400209522,0.108238599790478
18,0.04138774749939564,0.055843585858269984,0.8906909058100984,0.10930909418990163
858,0.04172303719840776,0.05604180907487585,0.887408929045253,0.11259107095474699
235,0.04178392597631322,0.05607866834758933,0.8868129204147635,0.11318707958523667
526,0.042415485990131015,0.05647643643633569,0.8806309073763,0.11936909262370005
353,0.04241946374077271,0.056479030318859404,0.8805919712407106,0.1194080287592893
771,0.04279717004347311,0.05673032715752537,0.8768948003671326,0.12310519963286724
570,0.04283389975048282,0.05675528915644278,0.8765352723370722,0.12346472766292786
702,0.04321329958703697,0.05701852659587505,0.8728215243399654,0.12717847566003462
586,0.04334641346809428,0.05711319896434579,0.8715185416775225,0.12848145832247745
249,0.04334709041736919,0.05711368347288918,0.8715119153725756,0.12848808462742448
541,0.04336153483110118,0.05712402902955196,0.871370526506798,0.12862947349320192
978,0.043501324342969154,0.05722487486276202,0.8700021995606632,0.12999780043933687
107,0.04373721870393924,0.05739801340676916,0.8676931521489982,0.13230684785100177
319,0.04384814681482719,0.05748070858520754,0.8666073344708083,0.13339266552919185
645,0.044018939147510414,0.0576096188439803,0.8649355370098912,0.13506446299010888
273,0.04436055576612033,0.05787319074570482,0.8615916293143486,0.1384083706856514
614,0.044364869179123696,0.05787656721445892,0.8615494075541933,0.1384505924458067
842,0.04448887730665239,0.05797415254188036,0.8603355563848903,0.1396644436151097
534,0.044550243143075666,0.05802280932378929,0.8597348780762816,0.1402651219237184
208,0.044552221787111594,0.058024382210716756,0.8597155101572226,0.14028448984277747
31,0.044630389572841406,0.05808672112124618,0.8589503662912448,0.1410496337087552
451,0.04466843217508633,0.05811720165535186,0.8585779870114459,0.14142201298855403
891,0.044763110645576046,0.058193461089539746,0.8576512286255071,0.14234877137449273
184,0.044806952861310465,0.05822896746140376,0.8572220799407023,0.14277792005929765
922,0.04485408797315655,0.05826727681809144,0.8567606988056927,0.14323930119430725
880,0.04490251899402373,0.05830678612501203,0.8562866326901749,0.143713367309825
798,0.04520695249003329,0.058558524083173726,0.8533066912744743,0.14669330872552563
543,0.04521441498010907,0.05856476784553283,0.8532336448340118,0.14676635516598818
189,0.04530199983411743,0.058638308434222165,0.8523763221764571,0.14762367782354288
850,0.045404848700894736,0.058725274371591814,0.851369588023728,0.14863041197627205
411,0.045481219472708286,0.058790275122033955,0.8506220341938792,0.14937796580612087
20,0.04587879946701503,0.059134450930566525,0.8467303300725579,0.15326966992744215
373,0.04597021907486644,0.05921495238640862,0.8458354710008249,0.15416452899917513
0,0.046070849761538135,0.05930414836692245,0.844850449461362,0.155149550538638
652,0.04611177125832853,0.059340594223313475,0.8444498901777203,0.15555010982227968
55,0.04619541364131306,0.059415400948233596,0.8436311583218944,0.15636884167810566
893,0.04622808688748341,0.059444736410549884,0.8433113368806777,0.1566886631193223
972,0.04624602968160266,0.059460873346103255,0.8431357041858191,0.1568642958141808
118,0.04633658079549888,0.059542603589788176,0.8422493463504493,0.15775065364955076
956,0.04660365900310898,0.05978649418248265,0.8396350564562013,0.16036494354379877
521,0.04669425974996688,0.05987018236934244,0.838748212789541,0.16125178721045894
250,0.046821308233102765,0.059988344883001594,0.8375046011579003,0.1624953988420997
213,0.04682391478743165,0.0599907789654556,0.8374790869510251,0.16252091304897484
535,0.04694128048559867,0.060100786928871,0.8363302550736698,0.16366974492633024
820,0.04697491617268326,0.06013246085477217,0.8360010127980899,0.1639989872019101
24,0.04712644282943374,0.06027595745660216,0.8345177970351988,0.16548220296480115
603,0.04729444643673831,0.06043659437340189,0.8328732969589712,0.16712670304102878
409,0.04762402094417574,0.06075636335450368,0.829647263236844,0.17035273676315596
879,0.04772483958918184,0.06085539999929739,0.8286604018708429,0.17133959812915708
85,0.047811012610856796,0.06094049828125697,0.8278168989069076,0.17218310109309243
988,0.04817398536136742,0.061303440315286215,0.8242639471253356,0.1757360528746644
401,0.04847367139413609,0.06160851124490221,0.8213304761621854,0.17866952383781462
919,0.04926862512553294,0.062440889351875375,0.8135490868643377,0.18645091313566234
234,0.04928422704068214,0.062457555820095566,0.8133963678182183,0.18660363218178164
597,0.04968200918725978,0.06288668351205355,0.8095026849332846,0.19049731506671547
308,0.049691428096732604,0.06289694198355876,0.8094104881192128,0.1905895118807872
449,0.049700552645734954,0.06290688412014182,0.8093211726469401,0.19067882735305983
92,0.049903141767488474,0.06312870250052441,0.8073381329282597,0.1926618670717403
332,0.05000222635421372,0.06323793824203605,0.8063682453583619,0.19363175464163795
560,0.0500925565630594,0.06333794699453388,0.8054840498478272,0.19451595015217288
43,0.050125385239128385,0.06337439300819203,0.8051627069840396,0.19483729301596045
980,0.05015761555433442,0.06341022638166685,0.8048472211640412,0.19515277883595886
323,0.0502998690568746,0.06356899174587718,0.8034547754926402,0.19654522450735973
628,0.05054019060011335,0.06383944844743103,0.8011023926925568,0.19889760730744327
633,0.05054718320967741,0.06384735974460062,0.8010339456684383,0.19896605433156167
926,0.05062958874628244,0.0639407689334345,0.8002273206595901,0.19977267934040974
658,0.0506545800463858,0.06396916177354833,0.799982693799582,0.20001730620041808
722,0.050678598498649384,0.06399647754829592,0.7997475896419269,0.20025241035807304
807,0.050989874415280315,0.06435297028971447,0.7967006713236827,0.20329932867631728
577,0.05102016518985941,0.06438790582788696,0.7964041706597772,0.2035958293402228
770,0.05119294976337366,0.06458800710816819,0.7947128721878342,0.20528712781216585
579,0.051255802620942884,0.06466114213822405,0.7940976382013618,0.20590236179863816
245,0.05131675147880708,0.0647322366911742,0.7935010414793525,0.20649895852064754
932,0.05140353466694023,0.0648337622351499,0.7926515659127861,0.20734843408721396
23,0.0516302893102671,0.06510066855599776,0.7904319824513428,0.20956801754865714
889,0.05164174711210736,0.06511421747109176,0.7903198279785788,0.2096801720214212
381,0.05183294092837595,0.06534118231477216,0.7884483309882911,0.21155166901170883
968,0.05184317464307654,0.0653533771680592,0.7883481584689314,0.21165184153106856
79,0.05201033583002956,0.06555323648760567,0.7867119044080996,0.21328809559190048
388,0.052196680676937786,0.06577749764424505,0.7848878714610588,0.21511212853894124
509,0.05220082240926505,0.065782499550204,0.7848473301938969,0.21515266980610318
918,0.0523093939213348,0.06591388870535723,0.7837845800378768,0.2162154199621232
140,0.052429179613200476,0.06605944761042475,0.7826120600987843,0.21738793990121577
306,0.05262554611460786,0.06629941289970603,0.7806899303795838,0.21931006962041627
562,0.05265193802926796,0.06633179143134788,0.7804315936309468,0.21956840636905314
382,0.05272790572581849,0.06642515818015521,0.7796879852955514,0.2203120147044486
984,0.052798291140873255,0.06651188451571691,0.7789990190151247,0.22100098098487528
699,0.05332823471589482,0.06717158340385918,0.7738116765318209,0.22618832346817924
559,0.05333268505551818,0.06717717308299603,0.7737681144680812,0.2262318855319187
260,0.053452419340454686,0.06732786762350218,0.7725960977247253,0.22740390227527468
219,0.05352921326380901,0.06742482880934342,0.7718444018841649,0.22815559811583513
482,0.05404306784827907,0.06807978717848984,0.7668145461751799,0.23318545382482012
254,0.0542656602808027,0.0683667785437787,0.7646357044340665,0.23536429556593352
777,0.05452154791704161,0.06869909873633108,0.7621309532322798,0.2378690467677202
301,0.054636580348318566,0.06884931818730324,0.7610049604929654,0.23899503950703466
592,0.0546909194426459,0.0689204559663711,0.7604730633141064,0.23952693668589373
761,0.054792638005214146,0.06905392410814844,0.7594773931223704,0.24052260687762955
752,0.05496820360799385,0.06928521494730674,0.7577588725989941,0.24224112740100598
152,0.055085193978646,0.06943998446752683,0.7566137146077931,0.24338628539220675
844,0.055133758792822334,0.06950438284099636,0.7561383388590442,0.2438616611409558
721,0.055143355069497066,0.06951711821637538,0.7560444058895307,0.2439555941104693
817,0.05523048466771033,0.0696329063829676,0.7551915394945629,0.24480846050543698
692,0.05539120575429999,0.06984723037219967,0.7536183242321732,0.24638167576782674
610,0.05545972928180631,0.0699388970755498,0.7529475830021756,0.2470524169978245
992,0.055472253082513426,0.06995566929477597,0.7528249940200225,0.2471750059799776
717,0.05551911469386222,0.07001847859035851,0.7523662900393661,0.24763370996063397
913,0.055681094157157614,0.07023619852148408,0.7507807571808144,0.24921924281918556
147,0.05571632086287849,0.07028367347831839,0.7504359412499386,0.24956405875006143
289,0.0557610680788581,0.07034404382165596,0.7499979339876538,0.25000206601234626
511,0.055783396328482365,0.07037419478731011,0.7497793743459994,0.25022062565400066
612,0.05585117280098197,0.07046582655497585,0.7491159456495547,0.2508840543504452
632,0.05591463084613424,0.07055176918171809,0.748494787796075,0.2515052122039249
808,0.05593055034135637,0.07057335188629009,0.7483389601235249,0.2516610398764751
351,0.056107931322592744,0.07081444419113642,0.7466026698030691,0.25339733019693084
696,0.056195707542747414,0.07093415933573258,0.745743473961675,0.2542565260383251
111,0.056238068531080834,0.0709920310426314,0.7453288242427727,0.25467117575722725
72,0.05626413371878752,0.07102767141267077,0.7450736856546303,0.2549263143453697
878,0.05629327956874535,0.07106755229725766,0.7447883920633417,0.25521160793665837
567,0.05631862731173549,0.07110226028188647,0.7445402761689971,0.2554597238310029
89,0.05681061725052468,0.07178032882768808,0.7397244421233905,0.26027555787660955
753,0.057226141656468645,0.07235941397173394,0.7356570894741672,0.26434291052583286
737,0.05745452879806933,0.07268014260704833,0.7334215263347943,0.26657847366520565
38,0.05759332680132946,0.07287589317938847,0.7320629047515818,0.26793709524841813
907,0.057696141961744864,0.07302129888615025,0.7310565005329275,0.2689434994670725
35,0.05786583832050268,0.07326203463423446,0.7293954309916832,0.2706045690083168
925,0.05822515736520437,0.0737747939821502,0.7258782434390924,0.2741217565609077
279,0.058308975212323276,0.07389498773020829,0.7250577940559647,0.27494220594403534
536,0.05848910218725025,0.07415402495808351,0.7232946246291255,0.2767053753708744
291,0.05857326409426125,0.07427539927970164,0.7224708074223669,0.2775291925776332
352,0.058630117223381635,0.07435751291092074,0.7219143016623283,0.27808569833767177
427,0.05864829544534312,0.07438378874339789,0.7217363644865676,0.2782636355134323
101,0.05873230467765495,0.07450535106568154,0.7209140417331629,0.2790859582668371
971,0.05875140718083342,0.07453302250500804,0.7207270572485014,0.2792729427514986
860,0.058803442936761666,0.0746084563038883,0.7202177062532253,0.2797822937467747
136,0.058829461249252445,0.07464620450873019,0.7199630265022313,0.2800369734977687
33,0.05905335538561294,0.07497187755862589,0.717771443058167,0.28222855694183296
813,0.05905781665791897,0.0749783820810376,0.7177277739800738,0.2822722260199262
874,0.05910121430340623,0.07504168659666755,0.7173029769625757,0.2826970230374243
946,0.0591984098105796,0.0751836690516243,0.7163515806115092,0.28364841938849084
963,0.05944484921524624,0.0755449116324513,0.7139393132426004,0.2860606867573997
10,0.059459106282571235,0.07556586461556469,0.7137997582135215,0.28620024178647857
415,0.05975296405392016,0.07599904292891463,0.7109233370750911,0.28907666292490886
741,0.05998345204246982,0.07634053570033794,0.7086672098357971,0.2913327901642028
856,0.060091590811312025,0.07650127222119626,0.7076086955785302,0.29239130442146977
132,0.06060355019560538,0.07726665534715622,0.7025973909999945,0.2974026090000055
338,0.060722851600171455,0.07744604334181741,0.7014296114978121,0.29857038850218787
176,0.06081015332802384,0.07757755851492479,0.7005750602151851,0.29942493978481477
96,0.06085117635443171,0.07763942817021001,0.7001735071108371,0.2998264928891628
617,0.060936283160952606,0.07776792730393509,0.699340440773414,0.30065955922658605
825,0.06096900563828276,0.07781738502735117,0.6990201374339372,0.3009798625660628
734,0.06102811483646741,0.07790679661038173,0.6984415481852897,0.30155845181471025
247,0.06110423694811245,0.07802207924471419,0.6976964283607141,0.30230357163928595
151,0.061213991434451255,0.07818856534576363,0.696622098683832,0.30337790131616793
888,0.061216257019227775,0.07819200533733003,0.6965999220508569,0.303400077949143
218,0.061222088050051846,0.07820085960744756,0.6965428451178762,0.3034571548821238
537,0.06123495003123131,0.07822039334635414,0.6964169458626791,0.30358305413732095
996,0.061293468683248024,0.07830932142719338,0.6958441371638291,0.30415586283617085
555,0.06153103083419433,0.0786712487776904,0.693518764622085,0.3064812353779151
877,0.06162070532856871,0.07880824736390252,0.6926409875600305,0.3073590124399695
678,0.06172332690886319,0.07896527835086393,0.6916364781966635,0.3083635218033364
22,0.06180618886797878,0.07909226905799652,0.6908253855048565,0.3091746144951435
518,0.061829849054378515,0.07912856162672839,0.6905937882257136,0.30940621177428634
954,0.06210234562492326,0.0795475628925881,0.6879264607901768,0.3120735392098231
881,0.062142209435410274,0.07960901483258465,0.6875362546485565,0.31246374535144344
470,0.06215204853045739,0.07962418834150789,0.6874399448560791,0.312560055143921
344,0.06228398272877762,0.07982788442370874,0.6861485094954006,0.3138514905045995
94,0.06240721081420695,0.08001852656198813,0.6849422937531722,0.3150577062468279
320,0.06246362759667194,0.08010593130662734,0.6843900591639708,0.3156099408360293
456,0.0625094771117883,0.08017702172032408,0.6839412620678038,0.31605873793219613
931,0.06260651196137652,0.08032764431970009,0.682991438310417,0.317008561689583
712,0.0627012634974817,0.08047494247150531,0.6820639647231077,0.31793603527689224
911,0.06277320875991285,0.08058693095748544,0.6813597299066626,0.31864027009333745
884,0.062848358210116,0.08070403943808682,0.680624130959888,0.3193758690401119
324,0.06288253545586395,0.08075734385143049,0.6802895876477565,0.31971041235224346
554,0.06288433042291146,0.08076014413421324,0.6802720176473629,0.31972798235263705
2,0.06292615328617915,0.08082541262512914,0.6798626353553083,0.3201373646446916
263,0.06293057183589257,0.08083231061330227,0.6798193844664906,0.32018061553350946
501,0.06304438924415208,0.0810101552907977,0.6787052849565945,0.32129471504340557
450,0.06307560380948848,0.08105898288988873,0.6783997417846429,0.32160025821535715
222,0.06310018307733627,0.08109744732525832,0.678159148094437,0.321840851905563
15,0.06327170770474762,0.08136626287702854,0.6764801825806697,0.32351981741933034
257,0.06333146657097631,0.08146007894105749,0.6758952340688784,0.32410476593112153
153,0.06341143034695003,0.08158574444676588,0.6751125101869689,0.32488748981303106
310,0.06358591540988381,0.08186046469721964,0.6734045665070751,0.32659543349292486
268,0.06361773329575399,0.08191063600998791,0.673093117743692,0.326906882256308
655,0.06365358519644286,0.08196719594432426,0.672742182103906,0.3272578178960939
759,0.0637909094740673,0.08218410885929132,0.671397986055711,0.3286020139442889
137,0.0638652049156129,0.08230164130163103,0.6706707465562424,0.3293292534437575
347,0.0638932876194444,0.08234609938991914,0.6703958595503472,0.32960414044965286
398,0.0639064459713327,0.08236693664060549,0.6702670592761715,0.3297329407238286
902,0.06395558429981947,0.08244478524307584,0.669786069693634,0.33021393030636603
648,0.06398486871079431,0.08249120549453551,0.6694994198004974,0.3305005801995025
261,0.0641212946843434,0.08270771343541239,0.6681640167844528,0.33183598321554714
578,0.06413054940662358,0.08272241565217837,0.6680734271135559,0.3319265728864441
991,0.06418800447773454,0.0828137322160398,0.6675110292559292,0.3324889707440708
662,0.0641908915513469,0.08281832272915467,0.6674827691914474,0.33251723080855256
681,0.06426675678136755,0.08293901603470166,0.6667401638477073,0.33325983615229265
363,0.06440382907479171,0.08315740349076421,0.6653984343420063,0.33460156565799365
873,0.0644301933984048,0.08319945495826747,0.6651403676678022,0.3348596323321979
457,0.06451589292381181,0.08333625134431365,0.6643014995129712,0.33569850048702876
425,0.06456271678439165,0.08341106039574445,0.6638431650549901,0.33615683494501
523,0.06461408253432652,0.08349318037190326,0.6633403724004833,0.33665962759951673
329,0.064640428655815,0.08353532277807503,0.6630824838974251,0.3369175161025748
342,0.06465953238721303,0.08356588983097021,0.6628954873903603,0.3371045126096397
814,0.06474649126537294,0.083705127930294,0.6620442920853488,0.3379557079146512
583,0.06479399202863692,0.08378125423544255,0.6615793317784734,0.3384206682215266
155,0.06479626501979054,0.08378489821400684,0.6615570826483186,0.3384429173516813
773,0.06486356496401131,0.08389284094220066,0.6608983184397588,0.3391016815602412
581,0.06497593824032832,0.08407329124033326,0.6597983547875841,0.3402016452124159
413,0.06510270257164685,0.08427717061271954,0.6585575245705377,0.3414424754294622
957,0.06510687690576886,0.08428389007440724,0.6585166641813357,0.3414833358186643
780,0.0651177513014988,0.08430139639660147,0.6584102203680524,0.34158977963194753
942,0.06523527329030727,0.08449074867074263,0.6572598586427618,0.34274014135723824
659,0.06524821418365927,0.08451161671665086,0.6571331869572828,0.3428668130427171
216,0.065277555200444,0.08455894392829152,0.6568459829792658,0.34315401702073417
343,0.06529139956380764,0.08458128115975476,0.6567104676949685,0.34328953230503145
474,0.06544445474457791,0.08482849251210187,0.655212290004132,0.34478770999586794
383,0.06560012227137024,0.08508041687817794,0.6536885414145434,0.34631145858545664
670,0.0657004197844667,0.08524299488458652,0.6527067811382087,0.34729321886179126
45,0.06571093103125288,0.08526004497909559,0.6526038920013715,0.3473961079986286
747,0.0657686002860394,0.08535362892708452,0.6520393976109593,0.3479606023890407
625,0.06595016510487894,0.08564870385099665,0.650262153876659,0.34973784612334097
558,0.06595854784499643,0.08566234322764336,0.6501800995863769,0.3498199004136231
976,0.06610008013159482,0.0858928384786131,0.6487947135233395,0.35120528647666044
666,0.06611275423880428,0.08591349853606005,0.6486706532688815,0.3513293467311183
76,0.06611464098365616,0.08591657438982626,0.6486521849032166,0.3513478150967834
556,0.06613665113318064,0.08595246149367909,0.6484367389782659,0.3515632610217341
710,0.06631855401323992,0.0862494155987975,0.6466561861382234,0.3533438138617766
894,0.06633828198753697,0.08628166025371901,0.6464630792415572,0.3535369207584428
679,0.06634990634291194,0.08630066339692394,0.6463492944627247,0.35365070553727534
420,0.06655462659099341,0.08663576430874176,0.6443453942550047,0.35565460574499524
606,0.06662097607327012,0.08674454381234364,0.6436959336248892,0.3563040663751109
604,0.06683202463157184,0.0870911172555173,0.641630088874391,0.3583699111256091
950,0.0669480172586482,0.087281955284999,0.6404946972769764,0.35950530272302367
920,0.06698611351512078,0.08734468896640585,0.640121792803803,0.35987820719619706
524,0.0670058116520186,0.08737713690171847,0.6399289779699447,0.3600710220300552
711,0.06702151268973905,0.08740300580325258,0.639775288664445,0.3602247113355551
5,0.06710476362932959,0.08754024662941672,0.6389603884447461,0.3610396115552539
337,0.06723000638267365,0.08774695565432102,0.6377344521644143,0.3622655478355857
769,0.06727728980506308,0.08782507119728912,0.6372716192945062,0.36272838070549385
440,0.06730709103900114,0.0878743262032162,0.6369799104897423,0.3630200895102577
358,0.06743006676390988,0.08807775182474427,0.6357761649736121,0.36422383502638794
154,0.06747827660161901,0.0881575760520006,0.6353042639051796,0.3646957360948206
895,0.06753037447643472,0.08824388577979804,0.634794304860369,0.36520569513963097
375,0.06759182977052704,0.08834576145999,0.6341927508970889,0.3658072491029111
914,0.06777319877113537,0.08864682007112713,0.6324174239257755,0.36758257607422445
191,0.06777495747631905,0.08864974229524708,0.632400208873938,0.36759979112606195
788,0.0678414460557103,0.08876025897911566,0.6317493866943944,0.3682506133056057
112,0.06804426960912618,0.08909787886910636,0.6297640522458993,0.37023594775410085
49,0.06805668716151621,0.08911857289241432,0.6296425032733529,0.37035749672664714
241,0.06814356793067584,0.08926343721575238,0.628792072536787,0.37120792746321296
765,0.06832405836545155,0.08956481024271608,0.6270253453902149,0.37297465460978513
530,0.06839804558348854,0.08968851467518706,0.6263011229306275,0.37369887706937266
417,0.06842955313388165,0.08974122327374276,0.6259927118800879,0.3740072881199121
215,0.06843297064748029,0.08974694142675474,0.6259592596140108,0.3740407403859892
83,0.06846182690186384,0.08979523152596763,0.6256768007234266,0.3743231992765734
736,0.06846703558536102,0.08980394964291832,0.6256258156252756,0.37437418437472436
110,0.06851006176852979,0.08987598335624253,0.6252046546595318,0.3747953453404682
170,0.068566025747834,0.089969725143461,0.6246568523253536,0.3753431476746463
640,0.06884382460109516,0.09043584372572645,0.6219376235975101,0.37806237640248985
138,0.0688760908662123,0.09049006847622545,0.6216217858824988,0.3783782141175011
345,0.06889647107087175,0.09052432730716514,0.6214222946414849,0.37857770535851504
545,0.0689422658137719,0.09060133321314269,0.6209740336821021,0.3790259663178979
296,0.0690044713448608,0.09070599121380975,0.6203651360384222,0.3796348639615778
745,0.06904301424161699,0.09077087053761583,0.6199878596354299,0.3800121403645701
776,0.0692179805091167,0.09106570394271073,0.6182752056939054,0.38172479430609474
265,0.0692384142453095,0.09110016981256172,0.6180751904605075,0.3819248095394925
876,0.06927429906542404,0.09116071399758628,0.6177239325895572,0.3822760674104428
233,0.06928443677497696,0.09117782201133104,0.6176246998147374,0.38237530018526256
943,0.06931656930808651,0.09123205888466794,0.6173101711329082,0.3826898288670917
156,0.06933488092852474,0.09126297490905765,0.617130928188726,0.382869071811274
800,0.06934097812206833,0.09127327020046627,0.6170712459270886,0.3829287540729114
789,0.06938584857491435,0.09134905412959998,0.616632032363109,0.38336796763689096
362,0.0696199743296984,0.09174501610904759,0.6143402969190527,0.3856597030809473
390,0.06974113073722144,0.09195027044746897,0.6131543597561325,0.3868456402438675
854,0.06985203336578492,0.09213836118181301,0.6120687915111848,0.3879312084888152
431,0.06986613403234336,0.09216229005045623,0.611930767407999,0.38806923259200105
302,0.0699256468195817,0.09226331846815763,0.6113482276356679,0.388651772364332
743,0.06995223187312545,0.0923084673200329,0.6110880003507864,0.3889119996492137
866,0.07001347666844009,0.09241252095340505,0.6104885068507397,0.38951149314926026
359,0.07005996531192935,0.09249154399186091,0.6100334536587971,0.3899665463412029
779,0.07014498348992798,0.09263614942776348,0.6092012548599581,0.39079874514004187
496,0.07024321043750302,0.09280336328312688,0.6082397622743737,0.3917602377256263
833,0.0702552629246057,0.0928238909354331,0.6081217867363656,0.3918782132636344
252,0.07031447409561019,0.09292477174628545,0.6075421993287339,0.3924578006712661
305,0.07039114713884978,0.09305548454071627,0.6067916867208496,0.3932083132791504
516,0.07045094260674174,0.09315748782895608,0.6062063799343821,0.39379362006561797
468,0.07047238997035438,0.09319408776373449,0.6059964428284964,0.3940035571715036
481,0.07074109291901397,0.09365323066958091,0.6033662491877596,0.39663375081224034
327,0.07088509016658208,0.09389973887019977,0.6019567349017179,0.39804326509828203
828,0.07094449157409063,0.09400151949598791,0.6013752853677281,0.39862471463227184
259,0.07101563843706107,0.09412349532650816,0.6006788656690359,0.39932113433096394
29,0.07105785151515671,0.09419590240581546,0.6002656637666491,0.3997343362333508
231,0.0710634203391479,0.09420545647337608,0.6002111534402048,0.39978884655979524
422,0.07137343578290936,0.09473805939381308,0.5971765732363808,0.40282342676361915
82,0.07141335257219344,0.0948067394780905,0.596785848512825,0.40321415148717493
394,0.07170736965873847,0.09531333888384007,0.5939078679206645,0.4060921320793356
871,0.07177938391698789,0.09543761304235245,0.5932029577399802,0.40679704226001967
117,0.07181921146107062,0.09550637511398576,0.5928131065913601,0.40718689340863984
205,0.07187256703164527,0.09559852903574692,0.5922908366158227,0.4077091633841773
629,0.07189664217714341,0.09564012419098965,0.5920551775175324,0.4079448224824675
201,0.07192633163028136,0.0956914307474827,0.5917645628769789,0.4082354371230212
389,0.07194009922389212,0.09571522690693354,0.59162979905193,0.4083702009480699
574,0.07209170388116422,0.09597744197561052,0.5901458197824345,0.4098541802175655
396,0.07215948291538542,0.09609477804983062,0.5894823660106276,0.41051763398937235
232,0.07224677760463659,0.09624599438233611,0.5886278836252132,0.41137211637478677
429,0.07233804553671612,0.09640420797150694,0.5877345092288538,0.41226549077114616
848,0.07235361394953711,0.09643120757784365,0.5875821181196292,0.41241788188037076
333,0.07237230747016271,0.0964636313977634,0.587399136952814,0.412600863047186
48,0.07240552270159338,0.09652125509414482,0.5870740102993093,0.41292598970069067
822,0.07241467246148986,0.09653713132849602,0.586984448050685,0.4130155519493151
953,0.07242683401522393,0.09655823529244463,0.5868654049160544,0.4131345950839455
171,0.07252032275119076,0.09672053513708517,0.5859502922235922,0.4140497077764078
799,0.07254609613303784,0.09676529999093392,0.5856980099714898,0.4143019900285103
899,0.07264695653781279,0.09694056904134792,0.5847107398407948,0.41528926015920525
682,0.07279261972723537,0.09719394058229948,0.5832849185149783,0.4167150814850218
623,0.07282006713538877,0.09724171605957699,0.5830162500885988,0.4169837499114011
538,0.072841631198396,0.09727925808250171,0.5828051706729358,0.41719482932706425
188,0.07285569195607788,0.09730374061464436,0.58266753721702,0.41733246278298003
428,0.07298173467938708,0.09752332561598749,0.5814337704460829,0.41856622955391704
385,0.07312799987560005,0.09777841028817026,0.5800020563883865,0.4199979436116136
767,0.07326443705916245,0.09801661377490968,0.578666543643342,0.421333456356658
12,0.07327444419706489,0.09803409485586213,0.5785685889666097,0.42143141103339027
529,0.07331717633867016,0.09810875696489293,0.5781503062210503,0.4218496937789496
975,0.07349661589518634,0.09842253995655721,0.5763938655760935,0.4236061344239065
952,0.07350947795896337,0.09844504794920166,0.5762679655123917,0.4237320344876083
93,0.07369343457290474,0.09876720038601407,0.5744673097377765,0.42553269026222346
591,0.07369496930384958,0.09876988992897322,0.5744522870534645,0.42554771294653543
691,0.07376865747878855,0.09889906097248821,0.5737309917714859,0.4262690082285141
639,0.0737766953328683,0.09891315512144781,0.5736523133915457,0.4263476866084544
63,0.07380292848309647,0.09895916002855475,0.5733955307054945,0.42660446929450546
494,0.07401522549040562,0.0993317904778348,0.5713174655359183,0.4286825344640817
849,0.0740451107208651,0.09938429243481546,0.5710249345328212,0.42897506546717873
977,0.07407483662871542,0.09943652581410727,0.5707339630560176,0.4292660369439824
697,0.07416437533071647,0.09959392827925113,0.5698575151949955,0.43014248480500444
163,0.07421062952318187,0.09967527964955267,0.5694047569223872,0.4305952430776128
944,0.07436522238521824,0.09994737210444218,0.5678915276680763,0.43210847233192384
916,0.07452745003371863,0.10023322495175378,0.5663035654534228,0.4336964345465773
246,0.07470350581358934,0.10054381435304172,0.5645802468410263,0.4354197531589738
288,0.0747489733298757,0.10062408830107354,0.5641351889330537,0.43586481106694624
62,0.07479823573894406,0.10071109093614823,0.5636529847901318,0.4363470152098682
190,0.07481001185392384,0.1007318932180956,0.5635377145153287,0.43646228548467125
631,0.07481889495420604,0.10074758617069365,0.5634507624592058,0.4365492375407942
839,0.07484343026065814,0.1007909354558099,0.5632105990842756,0.43678940091572444
993,0.0750743248199655,0.10119924268352314,0.560950492134946,0.43904950786505414
69,0.07507973121115546,0.10120881094778018,0.5608975717788495,0.43910242822115053
462,0.0752445450777259,0.10150066873941337,0.5592842944183991,0.4407157055816009
811,0.07528111938327843,0.10156547998002273,0.5589262875325107,0.4410737124674893
314,0.07533234679220203,0.10165628405950339,0.5584248490263297,0.4415751509736703
730,0.07545479901789942,0.10187346576462254,0.5572262277721532,0.44277377222784686
285,0.07549891800585024,0.10195175900054428,0.5567943699078356,0.4432056300921644
564,0.07557395531567745,0.10208497253962777,0.5560598686449724,0.44394013135502763
17,0.07563359717793035,0.10219090193369841,0.5554760654243461,0.44452393457565387
464,0.07563547919731188,0.10219424525296364,0.5554576433138567,0.44454235668614334
580,0.07565256377734243,0.10222459711213125,0.5552904112310855,0.44470958876891437
677,0.07568963313987502,0.10229046500583666,0.5549275584894776,0.4450724415105224
967,0.07578957471379151,0.10246812954617475,0.5539492823169543,0.4460507176830456
707,0.07579460332101014,0.10247707190217423,0.5539000598919898,0.4460999401080103
217,0.07587208794657346,0.10261489976461913,0.5531416031261515,0.44685839687384854
868,0.07588460215882561,0.10263716629910039,0.5530191080004053,0.44698089199959473
602,0.0759377948479159,0.10273183229011854,0.5524984323871422,0.44750156761285775
58,0.0759713730296049,0.10279160757983498,0.5521697530020202,0.4478302469979798
566,0.07605595715168749,0.1029422403959162,0.5513418029511603,0.4486581970488397
827,0.07606489466867548,0.10295816170833448,0.5512543182381601,0.44874568176184
299,0.0761324417121868,0.10307851980979213,0.5505931353029511,0.4494068646970489
744,0.07615035652710125,0.10311044993645507,0.5504177764820004,0.44958222351799965
207,0.0761929669610783,0.10318641057013375,0.5500006850692171,0.44999931493078293
51,0.07622011607263075,0.10323481947353114,0.5497349365133745,0.45026506348662554
122,0.0762372147713256,0.10326531204887356,0.5495675662303299,0.45043243376967007
595,0.07631759862347028,0.10340870733054923,0.548780730440907,0.45121926955909303
565,0.07634446223671726,0.1034566451891759,0.5485177764797321,0.45148222352026796
54,0.07640693817548186,0.10356816448370207,0.5479062319557236,0.45209376804427637
454,0.07642382547391015,0.10359831581228471,0.5477409309601192,0.45225906903988083
539,0.0765104987773009,0.10375311671145071,0.5468925309982383,0.4531074690017615
748,0.07654773249891655,0.10381964308188546,0.5465280694309091,0.4534719305690908
130,0.07654841805082753,0.10382086811943374,0.5465213589192248,0.45347864108077524
41,0.07655068373594072,0.10382491679171432,0.546499181304106,0.45350081869589387
742,0.0765645689993939,0.10384973035774561,0.5463632656700695,0.45363673432993035
357,0.07673373981550762,0.1041522188194005,0.5447073403928812,0.45529265960711884
71,0.07678517300294448,0.10424424781041775,0.5442038876276841,0.4557961123723159
766,0.07679602692357683,0.10426367238830353,0.5440976442344997,0.4559023557655003
959,0.0768246658519655,0.1043149319286712,0.5438173126352333,0.4561826873647668
209,0.07683345242825919,0.10433066044662737,0.5437313054023137,0.4562686945976863
356,0.07687664042172655,0.10440798202633386,0.5433085605595768,0.45669143944042323
838,0.07687851186358058,0.10441133302520166,0.5432902419870117,0.4567097580129883
121,0.07690452756854471,0.10445792067281494,0.5430355877597421,0.4569644122402579
182,0.07694589326037168,0.10453201165215636,0.5426306804815351,0.45736931951846493
377,0.07696838641987283,0.1045723075206326,0.542410506622725,0.4575894933772749
862,0.07698794798697581,0.10460735603379331,0.542219028599675,0.45778097140032503
452,0.07699170012508495,0.10461407922915496,0.542182300868018,0.45781769913198206
448,0.07704807638395993,0.10471511447421193,0.5416304629431972,0.45836953705680283
80,0.07707148883387865,0.10475708352382307,0.5414012906278299,0.45859870937217
966,0.07707416902401826,0.10476188840183835,0.5413750556382392,0.4586249443617608
109,0.07709782000316737,0.10480429179956512,0.5411435484840919,0.45885645151590815
688,0.07714888750101256,0.10489587053307672,0.5406436752644237,0.4593563247355763
491,0.07715847646552927,0.10491306947039628,0.5405498138698284,0.4594501861301717
568,0.07725277191774328,0.10508225258182287,0.5396268046509088,0.4603731953490912
646,0.07727050592266706,0.10511408134632104,0.5394532156850713,0.46054678431492874
290,0.07730574191776478,0.10517733253136999,0.5391083088253088,0.46089169117469114
97,0.07735048818916558,0.10525767464008483,0.5386703108090155,0.46132968919098444
965,0.07735427950673343,0.10526448295597814,0.5386331995699812,0.4613668004300189
463,0.0774319160760157,0.10540393393979566,0.5378732555059748,0.4621267444940252
197,0.07747649197672199,0.10548403045933652,0.5374369251599452,0.46256307484005477
548,0.07753932487588075,0.1055969682351779,0.5368218865359896,0.46317811346401033
187,0.07773403289460969,0.10594720880508411,0.5349159908425634,0.4650840091574367
202,0.07779093348858553,0.10604963718875972,0.5343590204737007,0.46564097952629935
619,0.07801824126083357,0.10645915903355889,0.53213402272046,0.46786597727954016
331,0.07807019355243579,0.1065528328502038,0.5316254887141323,0.4683745112858677
361,0.07815434423945428,0.10670462207792553,0.5308017813340542,0.46919821866594585
892,0.07820578053022777,0.10679743778167052,0.5302982981919063,0.4697017018080936
781,0.07821077805276438,0.10680645715869493,0.5302493800387531,0.4697506199612469
768,0.07825933801796169,0.10689411008390977,0.529774051754142,0.47022594824585795
458,0.07830676483865136,0.10697974100143029,0.5293098152327319,0.47069018476726804
608,0.07848202619571956,0.10729638144304464,0.5275942728126463,0.47240572718735374
983,0.07853601394559279,0.10739398275119917,0.527065814762213,0.47293418523778696
572,0.07857354732594098,0.10746185455642931,0.5266984199911486,0.47330158000885136
507,0.0786525028584646,0.10760467668991136,0.5259255652808429,0.47407443471915706
402,0.07870394799556912,0.1076977692283776,0.525421995546554,0.474578004453446
195,0.07886291286750015,0.10798559166462772,0.5238659709575451,0.4761340290424549
44,0.07895302107868987,0.1081488538356094,0.5229839484667923,0.47701605153320764
796,0.07896097639552871,0.10816327151407099,0.522906078001046,0.47709392199895395
637,0.07907871304879387,0.10837672265396882,0.5217536150368529,0.47824638496314703
685,0.07917213279897911,0.10854618556819223,0.5208391776103858,0.47916082238961427
718,0.07920881836298267,0.10861275640178386,0.520480081673291,0.47951991832670904
177,0.07924770811778366,0.10868334141460313,0.520099410057004,0.47990058994299606
569,0.07936431228840082,0.10889506674523128,0.5189580323774119,0.48104196762258816
934,0.0793683995602453,0.10890249065465504,0.5189180241956373,0.4810819758043627
295,0.07939223112148044,0.10894578030020761,0.5186847494172168,0.48131525058278324
527,0.07951727924316997,0.1091730183085947,0.5174607182850894,0.4825392817149107
230,0.07966484102813412,0.10944136200961625,0.5160163125933594,0.48398368740664055
90,0.07976189142104949,0.1096179635030002,0.5150663366904139,0.48493366330958615
13,0.07979950966988113,0.10968644113995535,0.5146981111858329,0.4853018888141672
206,0.07984365416815277,0.10976681585327307,0.514266003614231,0.485733996385769
160,0.07985678918147361,0.10979073458622328,0.5141374317891735,0.48586256821082646
326,0.07992168861789287,0.10990893980866266,0.513502164905022,0.48649783509497807
318,0.07992335946512588,0.10991198354840775,0.5134858098490435,0.4865141901509566
7,0.08002253408629785,0.1100926945737057,0.5125150409786969,0.48748495902130295
400,0.08002615762591603,0.1100992989590697,0.5124795720308936,0.48752042796910644
746,0.08002878054456987,0.11010407965593114,0.5124538976421386,0.48754610235786155
123,0.08005849389774147,0.11015824159751787,0.5121630490565656,0.4878369509434344
757,0.08024599679974846,0.11050021520941568,0.5103276805094819,0.48967231949051815
4,0.08039312267986753,0.11076877689310285,0.5088875416639376,0.49111245833606243
546,0.08044546338101223,0.11086436717282991,0.5083752057182802,0.4916247942817199
19,0.08048224775172814,0.11093156187938324,0.5080151426135835,0.4919848573864165
376,0.08051330320196592,0.11098830113582869,0.5077111569367122,0.49228884306328785
275,0.08053692489066262,0.11103146460659669,0.5074799364915945,0.4925200635084055
223,0.0805394248305764,0.1110360329993594,0.5074554658778696,0.49254453412213045
53,0.08056297232365,0.1110790665205589,0.5072249716951801,0.49277502830481984
74,0.08064277931336643,0.11122495311225042,0.5064437825125322,0.4935562174874678
120,0.08065523655632952,0.1112477301041267,0.5063218450295753,0.4936781549704247
502,0.08066833430824187,0.11127167973549519,0.5061936379370978,0.4938063620629023
372,0.08073313013355411,0.11139018379155852,0.5055593852482729,0.4944406147517271
867,0.08074661613987272,0.1114148529276378,0.5054273777350131,0.49457262226498694
477,0.08075856352993113,0.11143670894359828,0.5053104309373994,0.4946895690626006
715,0.08079374512919076,0.11150107608242951,0.5049660565302513,0.49503394346974877
819,0.08082054271696433,0.11155011161280694,0.5047037488581518,0.4952962511418481
84,0.0808590941293045,0.1116206662409453,0.5043263891005296,0.4956736108994704
103,0.08088065812579669,0.11166013730141412,0.5041153103359478,0.49588468966405225
108,0.08098350310097162,0.1118484438233803,0.5031086142760934,0.4968913857239065
961,0.08110874242769912,0.11207788178362249,0.5018827115371319,0.498117288462868
37,0.08113329578605497,0.11212287984739035,0.5016423714614894,0.4983576285385106
909,0.0811390849289941,0.11213349018467886,0.5015857045472638,0.49841429545273624
908,0.0813228402077695,0.1124704311706301,0.49978701953804494,0.5002129804619551
475,0.081349131192532,0.11251866376544695,0.49952967073976823,0.5004703292602318
240,0.0813520620975029,0.11252404108651963,0.49950098163287693,0.5004990183671231
489,0.08135489562288248,0.11252923981747776,0.49947324572424107,0.5005267542757589
86,0.0813602410555638,0.1125390473920416,0.4994209220593333,0.5005790779406668
775,0.0813794099503176,0.1125742197387991,0.4992332877020147,0.5007667122979854
11,0.08140864144081626,0.11262786181384299,0.49894715581994026,0.5010528441800597
242,0.08141773002776247,0.11264454161181889,0.49885819236156215,0.5011418076384379
701,0.08144396467080274,0.11269269271426709,0.4986013950631487,0.5013986049368513
749,0.08146854889516503,0.11273782010936953,0.49836075285619613,0.5016392471438039
504,0.08155620630535843,0.11289876917342996,0.4975027199838205,0.5024972800161794
365,0.08164008136994343,0.11305283610720172,0.49668171052862753,0.5033182894713726
8,0.08169992890764755,0.1131628051242458,0.49609589405780563,0.5039041059421944
284,0.08174193124149426,0.11324000234214741,0.4956847550214428,0.5043152449785572
831,0.08177610357122635,0.11330281982603296,0.4953502598296377,0.5046497401703622
28,0.08180720232979982,0.11335999605019395,0.4950458502299562,0.5049541497700438
367,0.08185517822665313,0.11344821784460075,0.4945762390870876,0.5054237609129125
947,0.08190014177027678,0.11353091823588603,0.49413611430582305,0.505863885694177
853,0.0819626008341606,0.11364582646729292,0.4935247349612605,0.5064752650387396
404,0.08197146008379638,0.11366212785520588,0.49343801636673057,0.5065619836332694
590,0.08206497860763717,0.11383424665448376,0.4925226120962373,0.5074773879037627
194,0.08217552635510425,0.11403780322933235,0.49144051759807045,0.5085594824019294
687,0.08219570496139184,0.11407497017983245,0.4912429996988392,0.5087570003011608
325,0.08227311407399898,0.1142175818075747,0.4904852820901194,0.5095147179098807
999,0.08227708719827463,0.11422490289868767,0.4904463912396251,0.5095536087603749
447,0.08233830463184864,0.11433772218727391,0.48984716556944996,0.5101528344305502
510,0.08235883628176209,0.11437556757349146,0.4896461919094825,0.5103538080905176
784,0.0824379031040327,0.11452134208921448,0.4888722478416303,0.5111277521583697
969,0.08253988422343814,0.11470944045626758,0.4878740076173479,0.5121259923826522
865,0.08254538781923244,0.11471959398639904,0.4878201357758528,0.5121798642241472
493,0.08260207159024409,0.11482418394883864,0.4872652877744017,0.5127347122255983
438,0.08264641158023192,0.11490601636022542,0.48683126663589876,0.5131687333641012
760,0.08265832241409748,0.1149280013695399,0.4867146776678753,0.5132853223321246
896,0.08266099284947026,0.11493293061824604,0.4866885381626318,0.5133114618373682
270,0.08281551234400314,0.11521825197094299,0.48517602706471646,0.5148239729352836
830,0.08286428909994344,0.11530835931705441,0.48469857672809014,0.5153014232719098
821,0.08296752058533093,0.11549912728574939,0.48368809732046014,0.5163119026795397
600,0.08302143157906249,0.11559878731077941,0.4831603905960425,0.5168396094039575
869,0.08313064421268004,0.1158007503584814,0.48209136483409265,0.5179086351659072
970,0.08314547462727132,0.11582818315678438,0.4819461976063342,0.5180538023936658
144,0.08323494993369968,0.11599372915705097,0.4810703702916552,0.5189296297083448
414,0.08324393599957858,0.11601035861363941,0.48098241035877104,0.519017589641229
549,0.08326866128752448,0.11605611814613681,0.48074038735364516,0.5192596126463548
573,0.08328580224059899,0.11608784409325773,0.4805726034644187,0.5194273965355813
405,0.0833438884921018,0.11619537261407446,0.4800040273096761,0.5199959726903239
126,0.083379268477468,0.11626088080840614,0.4796577110039424,0.5203422889960576
979,0.08345958814119121,0.1164096346012855,0.47887150352164715,0.5211284964783528
16,0.08359308253869999,0.11665698252823252,0.4775647961812437,0.5224352038187563
226,0.08361117709972347,0.11669052027235707,0.47738767791896464,0.5226123220810354
778,0.08372126875518267,0.11689462756844149,0.47631004786863784,0.523689952131362
60,0.08372364842172401,0.11689904046568628,0.4762867545485037,0.5237132454514962
772,0.08381542570713253,0.11706926781453308,0.4753883943568881,0.5246116056431119
804,0.08385748000140385,0.11714729159917048,0.47497674670690915,0.5250232532930909
393,0.08388172051413635,0.11719227155239999,0.47473946891462865,0.5252605310853713
870,0.08392125718642793,0.11726564441126532,0.4743524649589373,0.5256475350410627
782,0.0840525509633246,0.11750938881705535,0.4730672983510361,0.526932701648964
708,0.08405973539117857,0.1175227304229095,0.4729969737172793,0.5270030262827208
663,0.08412750576847462,0.11764860077976401,0.4723336046836174,0.5276663953163826
824,0.0841810382490463,0.11774805200809833,0.47180960302797914,0.5281903969720209
88,0.08423880959141877,0.11785540277604648,0.4712441093551972,0.5287558906448029
410,0.08428637832767405,0.11794381424622952,0.47077848369600495,0.529221516303995
304,0.08432182545755196,0.11800970769113645,0.47043151014751095,0.529568489852489
433,0.08443836385570569,0.11822641095576782,0.469290776280411,0.530709223719589
435,0.0844484464593399,0.11824516441906133,0.46919208290881603,0.530807917091184
294,0.08449983382999232,0.11834075598529507,0.4686890786203313,0.5313109213796686
459,0.08451242054943114,0.11836417303986113,0.46856587375938424,0.5314341262406158
77,0.08459834743316608,0.11852406831013013,0.46772478011193663,0.5322752198880633
756,0.08476846054373911,0.11884078358548619,0.46605963120357125,0.5339403687964287
522,0.08482657742353567,0.11894903478017395,0.46549075524436484,0.5345092447556352
667,0.08491104394457036,0.11910641088728725,0.4646639563290985,0.5353360436709015
616,0.08498742242259232,0.11924876312814726,0.46391632706717717,0.5360836729328229
34,0.08505942528752934,0.1193829997196096,0.4632115284097118,0.5367884715902881
714,0.08510098458647448,0.11946049707292854,0.4628047260119554,0.5371952739880446
680,0.0852400709054044,0.11971994938245764,0.461443282256359,0.5385567177436411
339,0.08524941093149445,0.11973737738921929,0.46135185759076125,0.5386481424092388
287,0.08536970718475421,0.11996190084995187,0.4601743400312902,0.5398256599687098
39,0.08551085197199886,0.12022547043070082,0.45879274699821826,0.5412072530017817
271,0.08555066635720586,0.12029984466648266,0.458403024655,0.5415969753450001
657,0.085581900119978,0.12035819808459053,0.458097293569318,0.541902706430682
485,0.08558211274571936,0.12035859535309275,0.45809521228634176,0.5419047877136582
100,0.08559141040353661,0.12037596735223437,0.45800420234176686,0.5419957976582332
328,0.08577285971783506,0.12071511631121475,0.4562280892214435,0.5437719107785566
455,0.08578773126876568,0.1207429233280003,0.45608251933141913,0.5439174806685809
460,0.08579802561688396,0.1207621727550479,0.45598175330301727,0.5440182466969826
547,0.08580099871633537,0.1207677323015247,0.45595265117626604,0.544047348823734
472,0.08607167408483252,0.12127414420511778,0.45330315054191633,0.5466968494580837
6,0.08650183335388116,0.12207999486409538,0.44909254481689687,0.5509074551831031
371,0.08654225683646484,0.12215578925192089,0.4486968603357312,0.5513031396642688
801,0.08659217117050672,0.12224939457809982,0.4482082748377549,0.5517917251622451
436,0.08659725360663263,0.12225892672980683,0.44815852550956725,0.5518414744904326
517,0.08662603372588322,0.12231290742807514,0.44787681186626677,0.5521231881337333
384,0.08664026798507785,0.12233960765250332,0.4477374800941328,0.5522625199058672
186,0.08676174556456111,0.12256752824984074,0.44654839914566247,0.5534516008543375
728,0.08679511805842462,0.12263016054199127,0.44622173313186086,0.5537782668681391
172,0.08682869718444376,0.12269318827752337,0.4458930445031816,0.5541069554968184
146,0.08704034021039206,0.12309061615150238,0.4438213808175675,0.5561786191824325
442,0.08710929863163112,0.12322017296823261,0.4431463826386379,0.5568536173613621
59,0.08755101728940895,0.12405081117957302,0.43882262805954764,0.5611773719404524
575,0.0876501031043154,0.12423731589741456,0.4378527284676219,0.5621472715323781
309,0.08765081371217565,0.12423865367445364,0.4378457726962604,0.5621542273037397
178,0.08767748530535913,0.12428886750280428,0.4375846983197809,0.5624153016802191
964,0.0877119043726267,0.12435367413974377,0.4372477879423591,0.5627522120576409
227,0.08783470705965064,0.12458495853009344,0.4360457362042333,0.5639542637957666
374,0.08802557274783669,0.12494462548091004,0.43417745108936573,0.5658225489106343
46,0.08806488856801203,0.12501874129680707,0.43379260894036303,0.566207391059637
248,0.08807186681096436,0.12503189729716307,0.43372430254354705,0.5662756974564529
129,0.08812334315904151,0.12512895470377575,0.43322042730125365,0.5667795726987465
61,0.08827766541683098,0.12542002706184524,0.43170984685140434,0.5682901531485957
720,0.08829294080554526,0.12544884673256565,0.4315603240030081,0.568439675996992
278,0.08829920246949381,0.1254606608761993,0.4314990318259773,0.5685009681740226
174,0.08830340057784511,0.12546858176247908,0.43145793872318944,0.5685420612768106
467,0.08841346700901964,0.12567629222300183,0.43038055558028754,0.5696194444197125
857,0.08842523356235732,0.12569850185871256,0.43026537889943434,0.5697346211005657
495,0.08847582643753216,0.12579400700982532,0.429770151514639,0.5702298484853611
823,0.08854186395477581,0.12591869156513769,0.4291237445482446,0.5708762554517555
407,0.08855209945981134,0.12593801953941813,0.4290235545042257,0.5709764454957743
816,0.08863880038780295,0.1261017655412423,0.4281748841394714,0.5718251158605286
162,0.08892188733305949,0.12663673849038704,0.42540389302492065,0.5745961069750793
403,0.08900993498060344,0.12680323063540336,0.42454204032175097,0.575457959678249
901,0.08914030986547256,0.12704984823894436,0.42326586827077384,0.5767341317292262
354,0.08934959861711962,0.12744595668126024,0.4212172493538403,0.5787827506461597
532,0.08951581142474058,0.12776072699674978,0.41959027848584507,0.5804097215141549
929,0.08952586313128215,0.1277797680462135,0.4194918875498464,0.5805081124501537
378,0.08956815963429417,0.1278598973908685,0.41907786904427147,0.5809221309557285
193,0.08957387549837174,0.1278707267324555,0.4190219194187719,0.5809780805812281
181,0.08967076432654676,0.12805432318830723,0.4180735249891776,0.5819264750108225
139,0.08970081383585098,0.12811127596739322,0.41777938594577096,0.582220614054229
787,0.0897080901447507,0.1281250675522663,0.41770816193616644,0.5822918380638336
95,0.08981128350912855,0.128320695167673,0.4166980556753056,0.5833019443246944
210,0.08991839483997155,0.1285238170614531,0.415649598475117,0.584350401524883
660,0.090042141973173,0.12875857081442868,0.41443830204376214,0.5855616979562379
276,0.09008451654708781,0.12883897794514315,0.4140235193426581,0.585976480657342
159,0.09011458223376213,0.12889603494871416,0.4137292219473758,0.5862707780526242
928,0.0901288000687383,0.12892301861636257,0.41359005094338824,0.5864099490566117
795,0.09028129900870098,0.1292125167177997,0.4120973180049901,0.58790268199501
935,0.09029532528528945,0.12923915046216614,0.4119600220665931,0.5880399779334069
643,0.09043705484496367,0.12950833712036205,0.41057270499985066,0.5894272950001495
598,0.09055426627476569,0.12973104418423378,0.40942538317541627,0.5905746168245837
340,0.09055564975586573,0.12973367333340002,0.40941184099729894,0.590588159002701
664,0.09057435666078498,0.12976922476674732,0.4092287288185829,0.590771271181417
179,0.09069752439816511,0.1300033482670166,0.4080231037920724,0.5919768962079275
36,0.09071042672583818,0.1300278786857306,0.4078968096059995,0.5921031903940005
164,0.09099773359878623,0.13057436295292285,0.405084511810469,0.5949154881895309
525,0.09099922695648317,0.1305772046772194,0.40506989410739785,0.5949301058926021
214,0.0910023645090798,0.13058317519625026,0.40503918223420016,0.5949608177657999
615,0.09104408317734763,0.13066256784978092,0.4046308198528959,0.595369180147104
274,0.09106473806968848,0.13070187873600955,0.4044286398368002,0.5955713601631998
99,0.09110808806364118,0.1307843912725267,0.40400430925543107,0.5959956907445689
783,0.091192274621662,0.13094466234947105,0.403180250752737,0.596819749247263
695,0.09124787059948282,0.1310505255086583,0.4026360505939953,0.5973639494060046
634,0.09131388232376786,0.1311762441855662,0.40198989610147995,0.59801010389852
486,0.0913597632300274,0.1312636381828652,0.4015407917337122,0.5984592082662878
571,0.09166008332187064,0.13183597537293196,0.3986011142955154,0.6013988857044845
557,0.0916962175473661,0.13190487182877592,0.39824741512479483,0.6017525848752052
169,0.09185284787312535,0.1322035983013102,0.3967142421960511,0.603285757803949
724,0.09200176346553149,0.13248773465994482,0.3952565847862345,0.6047434152137654
253,0.09207636974161154,0.1326301311528632,0.3945263026889084,0.6054736973110915
550,0.09211620719108206,0.13270617874492993,0.394136354581591,0.6058636454184091
621,0.09212950405701062,0.13273156365756966,0.3940061984653983,0.6059938015346017
949,0.09213218089347587,0.13273667409373383,0.3939799963031842,0.6060200036968159
852,0.0922266278529147,0.1329170104372467,0.3930555040587108,0.6069444959412892
694,0.09223656494188019,0.13293598701622364,0.39295823505464955,0.6070417649453504
283,0.09231024806341835,0.1330767140277228,0.39223698923778716,0.6077630107622128
751,0.09238553080091484,0.13322052597254594,0.3915000856109075,0.6084999143890925
519,0.092460342841377,0.13336346852650208,0.39076778939288803,0.609232210607112
211,0.0924782568506781,0.13339770102409365,0.39059243845766783,0.6094075615423321
601,0.0924908394931349,0.13342174664270853,0.3904692735041806,0.6095307264958193
589,0.09256693749785475,0.13356718887075705,0.389724389649778,0.6102756103502219
515,0.09269960933542294,0.13382083059595098,0.3884257339215195,0.6115742660784804
738,0.09286326418322459,0.1341338323948283,0.3868238015939777,0.6131761984060222
150,0.09291256642621677,0.13422815384237502,0.38634120753745943,0.6136587924625406
143,0.09296874925672398,0.13433565409024967,0.38579126298249344,0.6142087370175066
705,0.09310974635266281,0.13460550980227473,0.38441111562292557,0.6155888843770745
647,0.09335764153674894,0.13508020626861744,0.3819845983851911,0.618015401614809
514,0.09336018751984478,0.13508508321961468,0.38195967707866463,0.6180403229213354
951,0.09336260524148635,0.13508971451025667,0.3819360112569143,0.6180639887430857
764,0.09345193287990328,0.13526084777049802,0.3810616293877228,0.6189383706122771
674,0.09386311746394822,0.1360491113662257,0.37703675700162154,0.6229632429983785
588,0.09389843212137311,0.13611685098739526,0.37669108015718394,0.623308919842816
125,0.09401903976623655,0.1363482440080449,0.37551051454699436,0.6244894854530055
1,0.09411806875057534,0.13653829088675373,0.3745411712399865,0.6254588287600135
192,0.0943781277991038,0.13703760064291112,0.3719955882492983,0.6280044117507017
627,0.09451051127464284,0.13729190187850804,0.3706997551472118,0.6293002448527882
212,0.0945481181320804,0.1373641580529269,0.3703316411470721,0.6296683588529278
855,0.09466799472983006,0.13759452933082955,0.3691582313774841,0.630841768622516
395,0.0947320783007773,0.13771770948862969,0.3685309505768008,0.6314690494231993
803,0.09475867043656644,0.13776883015108163,0.36827065396749636,0.6317293460325036
334,0.0948594046996564,0.13796251219586247,0.3672846185722573,0.6327153814277428
124,0.09492987272077685,0.13809803007190496,0.3665948437039466,0.6334051562960533
430,0.0949693655625689,0.13817398956101717,0.3662082687822564,0.6337917312177437
303,0.09509781619013005,0.13842109931517524,0.3649509322868984,0.6350490677131017
267,0.09510917080672941,0.13844294677049226,0.3648397878408786,0.6351602121591213
936,0.09518407322618543,0.13858708201627534,0.3641066069498176,0.6358933930501824
669,0.09525981866802981,0.13873286637455995,0.36336517415033515,0.6366348258496649
790,0.09531579810601759,0.13884062517996393,0.36281722049913046,0.6371827795008695
726,0.09532893645712598,0.13886591825597264,0.3626886160022039,0.6373113839977961
466,0.09533061133292471,0.1388691426730909,0.36267222151268735,0.6373277784873126
649,0.0954056352231346,0.13901358971629615,0.3619378516074901,0.6380621483925099
882,0.09541564706692102,0.1390328679813554,0.36183985086730297,0.638160149132697
962,0.09554299920484666,0.1392781311180518,0.36059326691659765,0.6394067330834023
997,0.09561631919376057,0.13941936975291855,0.3598755756164379,0.6401244243835621
690,0.09564849488490514,0.13948135867156136,0.3595606244830139,0.6404393755169862
794,0.09587008143787971,0.13990839161925842,0.35739162877450414,0.6426083712254957
127,0.09593647010250958,0.14003637712412564,0.3567417846086792,0.6432582153913209
706,0.09607307438324122,0.1402997890643834,0.35540463623621,0.6445953637637899
269,0.09617237272983223,0.140491317753216,0.3544326562819813,0.6455673437180187
168,0.0964301041619317,0.14098864303627193,0.3519098571199043,0.6480901428800956
863,0.09644059917580099,0.14100890080759293,0.3518071268786618,0.6481928731213382
416,0.09658797543126582,0.14129342253865942,0.3503645372388649,0.649635462761135
998,0.09679791889936258,0.14169890191713086,0.3483095096425661,0.6516904903574339
644,0.09680171455371847,0.1417062345385714,0.3482723559529657,0.6517276440470344
473,0.09717216920775508,0.14242220001798583,0.34464616770274725,0.6553538322972527
872,0.09723678950611903,0.14254715080827035,0.34401363315607697,0.6559863668439231
832,0.09729168663458322,0.14265331493400785,0.34347627367081085,0.6565237263291892
221,0.09730532680339266,0.14267969532116193,0.34334275714097684,0.6566572428590232
165,0.09744842175733885,0.14295649244497088,0.34194207493868517,0.6580579250613149
368,0.09754732870415793,0.14314786546412836,0.3409739261935897,0.6590260738064103
886,0.09760365188164069,0.1432568627220425,0.34042260785495515,0.6595773921450448
735,0.09768278610165619,0.14341002702390435,0.3396480040655749,0.6603519959344252
412,0.09787699362736976,0.14378602841008328,0.33774700743839525,0.6622529925616047
937,0.09798638364495181,0.14399788640722397,0.33667624535692336,0.6633237546430766
716,0.09807328192271564,0.1441662199973084,0.3358256432377226,0.6641743567622774
906,0.09839431696321835,0.14478838100239172,0.33268319792331097,0.667316802076689
611,0.09861682858518431,0.14521985529308853,0.330505147194786,0.669494852805214
605,0.09862882762492012,0.14524312851630505,0.33038769482529967,0.6696123051747004
897,0.09864001745085485,0.14526483272712296,0.33027816342952815,0.6697218365704717
498,0.09865360898307178,0.14529119606744845,0.3301451229780441,0.669854877021956
719,0.09871542315963266,0.14541110584468991,0.3295400561006284,0.6704599438993716
65,0.09873910481087633,0.14545704865316095,0.32930824871327397,0.670691751286726
810,0.0987682464190678,0.14551358700741215,0.3290229966424337,0.6709770033575663
584,0.09880241787089972,0.1455798882879018,0.32868851004393757,0.6713114899560625
266,0.09882107645919208,0.14561609268352466,0.3285058708115937,0.6714941291884062
960,0.09889532549506865,0.145760176609001,0.327779085553123,0.6722209144468769
379,0.0991718893837624,0.1462970584165472,0.32507194525217603,0.674928054747824
426,0.09919100639447756,0.14633418082035143,0.3248848187607707,0.6751151812392293
676,0.09943660368043694,0.14681122407414002,0.3224807944546182,0.6775192055453818
380,0.09950147007626281,0.14693725926293752,0.32184585098767876,0.6781541490123212
982,0.09962827472410096,0.14718368826262215,0.3206046261331562,0.6793953738668437
638,0.09964040361275636,0.14720726256196057,0.32048590274002003,0.67951409725998
280,0.09979609548448648,0.14750992413278166,0.31896191585047634,0.6810380841495237
836,0.10004379271071924,0.14799163703525925,0.3165373363193791,0.6834626636806209
668,0.10007085901412262,0.14804428906325884,0.31627239832950965,0.6837276016704903
27,0.10008332824557994,0.14806854638804084,0.31615034349740784,0.6838496565025921
686,0.10018521124372495,0.14826676944904885,0.31515306373119406,0.6848469362688059
21,0.10023314064644902,0.14836003448221038,0.3146839076952146,0.6853160923047855
846,0.10031220091750044,0.14851389582693225,0.31391002775384574,0.6860899722461543
106,0.10037090379511239,0.14862815457783532,0.3133354157663027,0.6866645842336973
885,0.10049982279922934,0.1488791275120419,0.31207349457604416,0.6879265054239558
119,0.10051447868225515,0.14890766284079326,0.3119300357471546,0.6880699642528454
995,0.10068854690240396,0.14924663977142372,0.31022617232483773,0.6897738276751623
47,0.10069095562580527,0.1492513312741678,0.3102025945821893,0.6897974054178108
40,0.10073576249567634,0.1493386062005985,0.3097640033989361,0.6902359966010639
793,0.10075028495938042,0.14936689471218423,0.30962185054250907,0.6903781494574909
478,0.1010236173053717,0.14989947017504107,0.30694634213510175,0.6930536578648983
229,0.10102756952779836,0.14990717294521738,0.3069076558819542,0.6930923441180458
196,0.10105251815160544,0.1499557984518496,0.3066634467580504,0.6933365532419496
673,0.1011681363711391,0.15018117150570115,0.30553172004166074,0.6944682799583394
134,0.10125638028908403,0.15035321750969746,0.30466794614944914,0.6953320538505509
298,0.10134763163894644,0.1505311572092616,0.3037747340678027,0.6962252659321974
81,0.10140307226673562,0.15063928112667768,0.3032320545498555,0.6967679454501444
500,0.10153436725683862,0.15089538607982156,0.3019468760665074,0.6980531239334926
940,0.10154502926771254,0.15091618624135866,0.3018425111782994,0.6981574888217006
330,0.1016853159696989,0.15118990545418717,0.30046931749626105,0.699530682503739
843,0.1016922768898662,0.15120348905749031,0.3004011806631929,0.6995988193368071
453,0.1018055799611757,0.15142461438820023,0.2992921157306317,0.7007078842693684
750,0.10189692464310841,0.15160291890026492,0.29839799006981166,0.7016020099301884
987,0.1019002717762186,0.15160945306381807,0.29836522672179083,0.7016347732782091
553,0.10191309091897821,0.15163447854697637,0.29823974678964205,0.701760253210358
149,0.10192069453221045,0.15164932257192482,0.2981653189678792,0.7018346810321209
91,0.10196402316070156,0.15173391411747952,0.2977411975219192,0.7022588024780808
599,0.10196890349793582,0.15174344254220265,0.2976934264348425,0.7023065735651576
903,0.10203046209614064,0.15186363756809443,0.2970908612812456,0.7029091387187544
754,0.10211571327836161,0.15203011547998765,0.2962563817250612,0.7037436182749388
251,0.10223738220218508,0.15226775460336878,0.29506542780619976,0.7049345721938002
683,0.10253134458982154,0.15284212729134286,0.2921879826332528,0.7078120173667471
370,0.10287644889346848,0.15351681313184037,0.2888099357998593,0.7111900642001407
986,0.10294723193026271,0.1536552465836242,0.28811707740668946,0.7118829225933104
471,0.1029663686220269,0.15369267601677408,0.2879297582677148,0.7120702417322853
620,0.10306114197679146,0.15387806173759766,0.2870020711088782,0.7129979288911218
635,0.1031845661757518,0.15411953756810776,0.2857939357131265,0.7142060642868735
552,0.103189790673728,0.15412976029828318,0.2857427958152521,0.7142572041847479
350,0.10319137658901222,0.15413286346355137,0.2857272721140194,0.7142727278859806
672,0.10342306812799762,0.1545863072803085,0.28345936394445226,0.7165406360555477
762,0.10353680040868299,0.15480895965520086,0.28234609770417707,0.7176539022958229
406,0.10362485591669598,0.15498137494586414,0.28148416805895754,0.7185158319410425
461,0.10373443208244622,0.15519596478640846,0.28041158386972437,0.7195884161302757
30,0.10389199463487657,0.15550459991955992,0.2788692858581548,0.7211307141418453
286,0.10389647245399614,0.15551337232943607,0.2788254548118957,0.7211745451881043
939,0.1039221314136994,0.15556364159588343,0.2785742925787455,0.7214257074212546
105,0.10406456553060621,0.15584272852324815,0.2771800789670933,0.7228199210329067
439,0.10418798220975846,0.15608460684517425,0.27597201717883846,0.7240279828211615
802,0.1043458818978772,0.1563941399422656,0.2744264191210726,0.7255735808789274
145,0.10449893206846315,0.15669424446860497,0.2729282904723288,0.7270717095276712
346,0.10460836206959696,0.15690886433266632,0.27185713701263003,0.7281428629873699
654,0.10462711805978332,0.1569456534719767,0.2716735443637218,0.7283264556362781
910,0.10470107193860395,0.15709072221770007,0.27094964824441176,0.7290503517555882
938,0.10470592108360047,0.15710023497267292,0.27090218248195375,0.7290978175180461
665,0.10476685045125719,0.15721976894223963,0.27030577653946525,0.7296942234605348
981,0.10518257441686484,0.1580356731817406,0.2662364705043152,0.7337635294956847
607,0.10524558198104905,0.158159380618773,0.26561972217512,0.73438027782488
387,0.10527655952218135,0.15822020574515908,0.26531649911002786,0.734683500889972
341,0.10532494250002311,0.15831521293038195,0.2648429032627398,0.7351570967372603
945,0.1054402712637302,0.15854170794913405,0.2637140098791368,0.7362859901208633
596,0.10544266801793582,0.15854641539714714,0.26369054929672986,0.7363094507032701
115,0.10552455672954332,0.15870726328523166,0.2628889832194217,0.7371110167805782
713,0.10565004315775937,0.15895378770953125,0.2616606617322962,0.7383393382677038
915,0.10569220487394489,0.15903662757602177,0.26124796258497807,0.7387520374150219
731,0.10599797155187789,0.1596375670501674,0.25825497134368197,0.741745028656318
875,0.10631545573159881,0.16026184047112296,0.25514728356168326,0.7448527164383169
399,0.10663331752742529,0.16088716403021916,0.2520358994917037,0.7479641005082963
68,0.10672125134273115,0.16106020845324898,0.25117516103320536,0.7488248389667946
434,0.10684923745397469,0.16131211299857667,0.24992237144688118,0.7500776285531188
650,0.10701810923668215,0.16164456429411214,0.24826937325243384,0.7517306267475662
904,0.10702031210666947,0.1616489015589589,0.24824781050196534,0.7517521894980347
561,0.10710916882560059,0.16182386492727613,0.2473780382190962,0.7526219617809038
336,0.1071289913212573,0.16186289961268274,0.24718400610192026,0.7528159938980797
465,0.10717358742985757,0.16195072302650823,0.24674747795130975,0.7532525220486903
386,0.10723514150308468,0.1620719515158137,0.24614495709037,0.75385504290963
797,0.10725628943832305,0.16211360417564277,0.24593795093336238,0.7540620490666377
624,0.1072706413113546,0.16214187216191622,0.2457974679004498,0.7542025320995502
841,0.10729894177907019,0.16219761559750037,0.24552044931696657,0.7544795506830334
423,0.10749467351703311,0.1625832127326544,0.24360453296752366,0.7563954670324763
142,0.10758313258550624,0.1627575163577561,0.24273865307850814,0.7572613469214918
487,0.10760282323008946,0.16279631876620848,0.2425459115830272,0.7574540884169728
348,0.10768795453217801,0.16296409157250555,0.24171260547121137,0.7582873945287886
228,0.10780787695669569,0.1632004647129021,0.2405387471271868,0.7594612528728132
307,0.10797995485238772,0.16353971134701012,0.23885436595750403,0.7611456340424961
255,0.10831739020692946,0.16420520143336492,0.23555138648480828,0.7644486135151918
531,0.10847425420245928,0.16451467868498765,0.23401592628401316,0.7659840737159869
488,0.10861451090928972,0.16479145008134827,0.23264302620898095,0.7673569737910191
26,0.1086204982456422,0.16480326624203215,0.23258441928234416,0.7674155807176559
641,0.10868124744515453,0.16492316200871165,0.2319897769122685,0.7680102230877315
14,0.10885743724805655,0.1652709517975505,0.23026514641801007,0.7697348535819899
563,0.10897735184946548,0.16550770652498029,0.2290913646503347,0.7709086353496654
834,0.10902559616444885,0.16560296945410558,0.22861912610176663,0.7713808738982334
317,0.10911645530743413,0.16578239680167225,0.22772975312958746,0.7722702468704126
809,0.10931658966473125,0.16617769932968232,0.22577074182553716,0.7742292581744629
512,0.10945200040436445,0.16644522281858362,0.22444527640713605,0.7755547235928639
312,0.10957151521087605,0.1666813830287354,0.2232754080241176,0.7767245919758824
630,0.10976071711669116,0.1670553233547086,0.22142340881096192,0.7785765911890381
693,0.10986169750035264,0.16725494133087698,0.22043496426924605,0.779565035730754
366,0.11014845957035925,0.16782196113464837,0.21762799926682103,0.782372000733179
322,0.11024939166551179,0.1680215880055355,0.21664002739624535,0.7833599726037547
508,0.11033250064997983,0.16818598395429268,0.21582651670153072,0.7841734832984694
198,0.11049121521973627,0.1684999840908889,0.21427294219053963,0.7857270578094604
321,0.11053883588266189,0.1685942094742254,0.21380680824813453,0.7861931917518655
840,0.11058984385813656,0.16869514379948924,0.21330751766204445,0.7866924823379555
469,0.11065127214287371,0.16881670679965086,0.21270622807931758,0.7872937719206824
419,0.11107753022509319,0.16966051649370134,0.20853380904648217,0.7914661909535178
594,0.11111432215383392,0.16973337083562168,0.20817367196020517,0.7918263280397948
264,0.11164260716743502,0.1707798465389772,0.20300256427344,0.79699743572656
859,0.11186603270043852,0.17122264061990944,0.20081556774431578,0.7991844322556843
131,0.11186973798490779,0.17122998496174632,0.20077929863861077,0.7992207013613893
113,0.11203892695352621,0.17156537533022467,0.19912319567597903,0.800876804324021
50,0.1120961952461818,0.1716789167844928,0.19856262609566733,0.8014373739043327
622,0.11222815843656919,0.17194058100310908,0.19727090694669772,0.8027290930533023
73,0.11236119877722893,0.17220442454406995,0.1959686441330208,0.8040313558669792
829,0.11244147594948314,0.17236365002581636,0.19518285257765222,0.8048171474223478
763,0.11247286619307065,0.17242591519098333,0.19487558978252162,0.8051244102174784
116,0.11253891488015418,0.17255693613653908,0.1942290734803646,0.8057709265196356
883,0.11259295874641748,0.17266415101016422,0.19370006613572754,0.8062999338642726
542,0.1129304430761063,0.17333382940307748,0.19039660727074728,0.8096033927292527
661,0.1130291844970136,0.17352981641580847,0.18943007877285314,0.8105699212271469
774,0.11339419698795801,0.174254514336286,0.18585716103130756,0.8141428389686924
924,0.11339583359922363,0.1742577643878173,0.18584114109343697,0.814158858906563
704,0.11340945345364827,0.17428481151413192,0.1857078234105677,0.8142921765894323
684,0.11344607087686419,0.17435753077425692,0.18534939446826126,0.8146506055317387
483,0.11347925518329086,0.1744234348803334,0.185024570523563,0.814975429476437
806,0.11358679601711696,0.17463702908042508,0.18397190914169134,0.8160280908583085
3,0.11375671440465643,0.17497457106383982,0.18230866627599177,0.8176913337240083
732,0.11381902924007886,0.17509837611510495,0.18169869870894703,0.8183013012910529
313,0.11390637602411309,0.17527192907618303,0.1808437063947516,0.8191562936052484
941,0.1139162200492823,0.17529148969463137,0.18074734834386866,0.8192526516561313
204,0.11412592933265979,0.17570824702907775,0.178694613060187,0.8213053869398131
689,0.1146361900754983,0.17672271643146184,0.17369993560083505,0.8263000643991649
973,0.11481451542814562,0.17707739207995218,0.17195440131900128,0.8280455986809987
335,0.11504996651298599,0.17754579643373522,0.16964969290719967,0.8303503070928003
792,0.11514944186323846,0.17774372921765835,0.16867598035603754,0.8313240196439624
199,0.11519221255542898,0.1778288397332244,0.16825732025881657,0.8317426797411834
98,0.11569786664836937,0.1788353615939668,0.1633077349033198,0.8366922650966803
87,0.11580349043733473,0.17904568047372915,0.16227383847816693,0.8377261615218331
626,0.11600015990119189,0.17943735506117214,0.16034874321685827,0.8396512567831417
391,0.1167026808160071,0.1808371334425052,0.1534721307648964,0.8465278692351036
78,0.11685372143976742,0.18113822058339574,0.15199367252657386,0.8480063274734261
861,0.11742412001265451,0.1822756956561787,0.1464103370753746,0.8535896629246253
898,0.11791955494832745,0.18326422722135338,0.1415607817440835,0.8584392182559165
444,0.11798703326857869,0.18339890425859653,0.14090027150518314,0.8590997284948169
75,0.11800339223816929,0.1834315558075095,0.14074014204623667,0.8592598579537634
990,0.1180378851409387,0.18350040341062254,0.14040250893142628,0.8595974910685737
758,0.11808032377876194,0.18358511396040508,0.1399870991419877,0.8600129008580123
544,0.11816998774664748,0.18376410163580884,0.1391094251182668,0.8608905748817333
480,0.11829225897798325,0.1840082062717644,0.13791257552391473,0.8620874244760852
958,0.11862774681709094,0.18467813483287088,0.13462865926855794,0.8653713407314421
300,0.11895550957091176,0.185332853752916,0.13142035986183287,0.8685796401381671
739,0.1191472480204679,0.18571595705676927,0.1295435317390936,0.8704564682609064
587,0.1193839873793135,0.1861890737405995,0.12722621308198956,0.8727737869180104
642,0.11954390114996041,0.18650871840100244,0.12566090021616544,0.8743390997838346
725,0.11961237353060243,0.18664559998355515,0.12499065963626417,0.8750093403637358
917,0.11966755591449964,0.18675592041599343,0.12445050793368294,0.875549492066317
161,0.12010032108372067,0.18762130550410538,0.12021439440498662,0.8797856055950134
67,0.12014135829078205,0.18770338468042894,0.11981270249358453,0.8801872975064154
593,0.1204174092009259,0.18825560131583294,0.1171105834732988,0.8828894165267012
506,0.12049092631672091,0.18840269032795137,0.11639096260045799,0.883609037399542
167,0.12068253573035727,0.18878609950026146,0.11451539754333587,0.8854846024566642
479,0.12089826083610587,0.1892178458775444,0.11240377649817179,0.8875962235018282
355,0.12112592243992665,0.18967357504872193,0.11017531527139182,0.8898246847286081
224,0.12125635825435183,0.18993472223135452,0.10889854681262812,0.8911014531873719
733,0.121336058626136,0.1900943066804492,0.10811840125755762,0.8918815987424423
243,0.1214312662856381,0.19028495664577752,0.10718646291515757,0.8928135370848425
921,0.12163181165145187,0.19068659555126477,0.10522342846215355,0.8947765715378465
785,0.1219479115581304,0.19131980689762354,0.1021292906101844,0.8978707093898156
256,0.12212651558435399,0.19167766571256412,0.1003810285374137,0.8996189714625863
636,0.1221918973581225,0.19180868170489565,0.09974104030340333,0.9002589596965966
418,0.12221199742108572,0.19184896096626888,0.09954429122399046,0.9004557087760096
499,0.12223884553959292,0.19190276402546894,0.09928148893277772,0.9007185110672223
864,0.12225763461580648,0.19194041769591075,0.09909757242192892,0.900902427578071
497,0.12231631358220707,0.19205801550310656,0.09852319448881822,0.9014768055111818
533,0.12252998678920742,0.19248628681551497,0.09643165841505515,0.9035683415849448
239,0.12255852704182721,0.192543496948242,0.0961522927016526,0.9038477072983474
32,0.12265243836396497,0.1927317562240021,0.09523304353259028,0.9047669564674097
237,0.12267915420729575,0.19278531494771142,0.09497153601439576,0.9050284639856042
244,0.12278656886915998,0.1930006676380483,0.09392010966434454,0.9060798903356555
818,0.12287021033276026,0.19316837203984802,0.09310138680789345,0.9068986131921065
180,0.12341551593046426,0.19426202797991346,0.0877636734612632,0.9122363265387368
297,0.12342554133786728,0.19428213956019763,0.08766553995387628,0.9123344600461237
505,0.1234624180456934,0.19435611796941638,0.08730457300915384,0.9126954269908462
421,0.12349531397627637,0.194422112496731,0.08698257182585072,0.9130174281741493
985,0.12354493359171509,0.1945216609180086,0.08649687117524854,0.9135031288247515
703,0.12395524023867363,0.19534499107571346,0.08248059245941816,0.9175194075405818
225,0.12434129179864022,0.19611990910980404,0.07870173419572685,0.9212982658042732
175,0.12436432372020617,0.196166148751932,0.07847628667481593,0.9215237133251841
837,0.1244222397943218,0.19628242685694505,0.07790937629815181,0.9220906237018482
397,0.12443161546108066,0.1963012509069394,0.07781760276455327,0.9221823972354467
484,0.1250371029725663,0.19751722872935804,0.07189079991330322,0.9281092000866967
292,0.12507329134819725,0.19758992348898505,0.07153657069502324,0.9284634293049767
135,0.12577204365724287,0.19899398304938876,0.06469684716809573,0.9353031528319042
651,0.12616698476872265,0.19978791494415304,0.06083097370053096,0.9391690262994691
609,0.1263730843232706,0.20020232495043475,0.05881357217801374,0.9411864278219862
948,0.12642001729395513,0.20029670365111424,0.05835416969787304,0.941645830302127
66,0.1264365077170301,0.2003298654772783,0.05819275350902534,0.9418072464909747
835,0.1264569128389197,0.20037090025143725,0.057993018366183736,0.9420069816338162
437,0.12715418360613717,0.20177350168296537,0.05116779688292288,0.9488322031170772
994,0.12726472409368506,0.20199592897538224,0.0500857734483354,0.9499142265516646
923,0.12771956578629048,0.2029113470238954,0.04563356429543844,0.9543664357045616
360,0.12788422773285169,0.20324282375936806,0.04402177400107382,0.9559782259989261
890,0.12802966028774868,0.20353562398678912,0.04259821023687145,0.9574017897631285
114,0.12840005170004468,0.2042814769744972,0.038972641027214094,0.9610273589727859
220,0.12844879020612068,0.20437963622376612,0.03849556509864817,0.9615044349013518
786,0.12885720768973208,0.2052023248223197,0.03449777842187737,0.9655022215781226
585,0.12886397375137648,0.20521595596645847,0.03443154895770998,0.96556845104229
492,0.12896178296466385,0.2054130132381194,0.033474145356159675,0.9665258546438403
258,0.12961342460758782,0.2067262340307326,0.02709556367773835,0.9729044363222616
887,0.1296432333506827,0.20678632060316854,0.026803781369737555,0.9731962186302624
826,0.12975489149218022,0.20701140518976882,0.025710817800977677,0.9742891821990223
729,0.12979763136488418,0.2070975664635199,0.025292459379707866,0.9747075406202922
576,0.12988427780820241,0.20727224892120474,0.024444322337129884,0.9755556776628701
166,0.13057375174210253,0.2086626286404678,0.017695420006716346,0.9823045799932837
277,0.13084393208193582,0.2092076487229643,0.01505076495091384,0.9849492350490862
933,0.13146510921978877,0.2104610933903439,0.008970384493974193,0.9910296155060258
723,0.13156523695133807,0.21066318533692074,0.007990286121045692,0.9920097138789543
513,0.13157497140942306,0.21068283351459507,0.007895000565457456,0.9921049994345426
791,0.1316309096297538,0.2107957425278912,0.007347450372495478,0.9926525496275045
441,0.13164482951597897,0.21082383990095013,0.007211195834122113,0.9927888041658779
185,0.13178102188172772,0.21109875866401037,0.005878079483534364,0.9941219205164656
490,0.13178545739662298,0.21110771263843908,0.00583466253136031,0.9941653374686397
9,0.13186703352347717,0.21127239504758774,0.005036156183893196,0.9949638438161068
476,0.13206301905984735,0.21166807842586055,0.0031177555336264614,0.9968822444663735
364,0.13227842771990503,0.2121030345375183,0.0010092320110166534,0.9989907679889833
